{"MIN_VOLT": 1.1559146857034626, "MAX_VOLT": 0.7307298866245987, "MAX_FLOW": 1.615194328770001, "N_ITER": 23.770121879895107, "AFFECTED_ELEM": 4.625313803548864, "CONSTR_GEN_Q": 39.96762020397843, "CONSTR_GEN_U": 5.130493578638906e-09, "CONSTR_VOLT": 36.711447140516526, "CONSTR_FLOW": -4.513397682978154, "RES_NODE": -10.41585109491703, "COEF_REPORT": 0.33265414094554707, "INTERCEPTION": 3562.3061179808606}