{"MIN_VOLT": -0.18717145230236323, "MAX_VOLT": -7.642940569223764, "MAX_FLOW": 2.448319927072823, "N_ITER": 87.74831333152801, "AFFECTED_ELEM": 3.780604949302293, "CONSTR_GEN_Q": 39.80496415080556, "CONSTR_GEN_U": 9.67133018768603e-10, "CONSTR_VOLT": -4.582984675247892, "CONSTR_FLOW": 0.010087723443686738, "RES_NODE": -19.279524868377834, "COEF_REPORT": 1.0648770345063643, "INTERCEPTION": 2964.571306789133}