{"MIN_VOLT": -43.07284797446342, "MAX_VOLT": -3.437317833605801, "MAX_FLOW": 29.976234190087954, "N_ITER": 233.5189229326532, "AFFECTED_ELEM": 241.81265054936404, "CONSTR_GEN_Q": 10.004895497630002, "CONSTR_GEN_U": 2.4063378752072403e-11, "CONSTR_VOLT": 12.835656261390405, "CONSTR_FLOW": -17.90643918586466, "RES_NODE": -215.545368207784, "COEF_REPORT": -9.107573086442935, "TAP_CHANGERS": -13.65759625296366, "INTERCEPTION": -1463.6251862124589}